<?xml version="1.0" encoding="UTF-8"?>
<root>
  <item name="com.h6ah4i.android.widget.advrecyclerview.utils.AbstractDraggableItemViewHolder int getDragStateFlags()">
    <annotation name="android.support.annotation.IntDef">
      <val name="flag" val="true" />
      <val name="value" val="{com.h6ah4i.android.widget.advrecyclerview.draggable.DraggableItemConstants.STATE_FLAG_DRAGGING, com.h6ah4i.android.widget.advrecyclerview.draggable.DraggableItemConstants.STATE_FLAG_IS_ACTIVE, com.h6ah4i.android.widget.advrecyclerview.draggable.DraggableItemConstants.STATE_FLAG_IS_IN_RANGE, com.h6ah4i.android.widget.advrecyclerview.draggable.DraggableItemConstants.STATE_FLAG_IS_UPDATED}" />
    </annotation>
  </item>
  <item name="com.h6ah4i.android.widget.advrecyclerview.utils.AbstractDraggableItemViewHolder mDragStateFlags">
    <annotation name="android.support.annotation.IntDef">
      <val name="flag" val="true" />
      <val name="value" val="{com.h6ah4i.android.widget.advrecyclerview.draggable.DraggableItemConstants.STATE_FLAG_DRAGGING, com.h6ah4i.android.widget.advrecyclerview.draggable.DraggableItemConstants.STATE_FLAG_IS_ACTIVE, com.h6ah4i.android.widget.advrecyclerview.draggable.DraggableItemConstants.STATE_FLAG_IS_IN_RANGE, com.h6ah4i.android.widget.advrecyclerview.draggable.DraggableItemConstants.STATE_FLAG_IS_UPDATED}" />
    </annotation>
  </item>
  <item name="com.h6ah4i.android.widget.advrecyclerview.utils.AbstractDraggableItemViewHolder void setDragStateFlags(int) 0">
    <annotation name="android.support.annotation.IntDef">
      <val name="flag" val="true" />
      <val name="value" val="{com.h6ah4i.android.widget.advrecyclerview.draggable.DraggableItemConstants.STATE_FLAG_DRAGGING, com.h6ah4i.android.widget.advrecyclerview.draggable.DraggableItemConstants.STATE_FLAG_IS_ACTIVE, com.h6ah4i.android.widget.advrecyclerview.draggable.DraggableItemConstants.STATE_FLAG_IS_IN_RANGE, com.h6ah4i.android.widget.advrecyclerview.draggable.DraggableItemConstants.STATE_FLAG_IS_UPDATED}" />
    </annotation>
  </item>
  <item name="com.h6ah4i.android.widget.advrecyclerview.utils.AbstractDraggableSwipeableItemViewHolder int getDragStateFlags()">
    <annotation name="android.support.annotation.IntDef">
      <val name="flag" val="true" />
      <val name="value" val="{com.h6ah4i.android.widget.advrecyclerview.draggable.DraggableItemConstants.STATE_FLAG_DRAGGING, com.h6ah4i.android.widget.advrecyclerview.draggable.DraggableItemConstants.STATE_FLAG_IS_ACTIVE, com.h6ah4i.android.widget.advrecyclerview.draggable.DraggableItemConstants.STATE_FLAG_IS_IN_RANGE, com.h6ah4i.android.widget.advrecyclerview.draggable.DraggableItemConstants.STATE_FLAG_IS_UPDATED}" />
    </annotation>
  </item>
  <item name="com.h6ah4i.android.widget.advrecyclerview.utils.AbstractDraggableSwipeableItemViewHolder mDragStateFlags">
    <annotation name="android.support.annotation.IntDef">
      <val name="flag" val="true" />
      <val name="value" val="{com.h6ah4i.android.widget.advrecyclerview.draggable.DraggableItemConstants.STATE_FLAG_DRAGGING, com.h6ah4i.android.widget.advrecyclerview.draggable.DraggableItemConstants.STATE_FLAG_IS_ACTIVE, com.h6ah4i.android.widget.advrecyclerview.draggable.DraggableItemConstants.STATE_FLAG_IS_IN_RANGE, com.h6ah4i.android.widget.advrecyclerview.draggable.DraggableItemConstants.STATE_FLAG_IS_UPDATED}" />
    </annotation>
  </item>
  <item name="com.h6ah4i.android.widget.advrecyclerview.utils.AbstractDraggableSwipeableItemViewHolder void setDragStateFlags(int) 0">
    <annotation name="android.support.annotation.IntDef">
      <val name="flag" val="true" />
      <val name="value" val="{com.h6ah4i.android.widget.advrecyclerview.draggable.DraggableItemConstants.STATE_FLAG_DRAGGING, com.h6ah4i.android.widget.advrecyclerview.draggable.DraggableItemConstants.STATE_FLAG_IS_ACTIVE, com.h6ah4i.android.widget.advrecyclerview.draggable.DraggableItemConstants.STATE_FLAG_IS_IN_RANGE, com.h6ah4i.android.widget.advrecyclerview.draggable.DraggableItemConstants.STATE_FLAG_IS_UPDATED}" />
    </annotation>
  </item>
  <item name="com.h6ah4i.android.widget.advrecyclerview.utils.AbstractExpandableItemViewHolder int getExpandStateFlags()">
    <annotation name="android.support.annotation.IntDef">
      <val name="flag" val="true" />
      <val name="value" val="{com.h6ah4i.android.widget.advrecyclerview.expandable.ExpandableItemConstants.STATE_FLAG_IS_GROUP, com.h6ah4i.android.widget.advrecyclerview.expandable.ExpandableItemConstants.STATE_FLAG_IS_CHILD, com.h6ah4i.android.widget.advrecyclerview.expandable.ExpandableItemConstants.STATE_FLAG_IS_EXPANDED, com.h6ah4i.android.widget.advrecyclerview.expandable.ExpandableItemConstants.STATE_FLAG_HAS_EXPANDED_STATE_CHANGED, com.h6ah4i.android.widget.advrecyclerview.expandable.ExpandableItemConstants.STATE_FLAG_IS_UPDATED}" />
    </annotation>
  </item>
  <item name="com.h6ah4i.android.widget.advrecyclerview.utils.AbstractExpandableItemViewHolder mExpandStateFlags">
    <annotation name="android.support.annotation.IntDef">
      <val name="flag" val="true" />
      <val name="value" val="{com.h6ah4i.android.widget.advrecyclerview.expandable.ExpandableItemConstants.STATE_FLAG_IS_GROUP, com.h6ah4i.android.widget.advrecyclerview.expandable.ExpandableItemConstants.STATE_FLAG_IS_CHILD, com.h6ah4i.android.widget.advrecyclerview.expandable.ExpandableItemConstants.STATE_FLAG_IS_EXPANDED, com.h6ah4i.android.widget.advrecyclerview.expandable.ExpandableItemConstants.STATE_FLAG_HAS_EXPANDED_STATE_CHANGED, com.h6ah4i.android.widget.advrecyclerview.expandable.ExpandableItemConstants.STATE_FLAG_IS_UPDATED}" />
    </annotation>
  </item>
  <item name="com.h6ah4i.android.widget.advrecyclerview.utils.AbstractExpandableItemViewHolder void setExpandStateFlags(int) 0">
    <annotation name="android.support.annotation.IntDef">
      <val name="flag" val="true" />
      <val name="value" val="{com.h6ah4i.android.widget.advrecyclerview.expandable.ExpandableItemConstants.STATE_FLAG_IS_GROUP, com.h6ah4i.android.widget.advrecyclerview.expandable.ExpandableItemConstants.STATE_FLAG_IS_CHILD, com.h6ah4i.android.widget.advrecyclerview.expandable.ExpandableItemConstants.STATE_FLAG_IS_EXPANDED, com.h6ah4i.android.widget.advrecyclerview.expandable.ExpandableItemConstants.STATE_FLAG_HAS_EXPANDED_STATE_CHANGED, com.h6ah4i.android.widget.advrecyclerview.expandable.ExpandableItemConstants.STATE_FLAG_IS_UPDATED}" />
    </annotation>
  </item>
  <item name="com.h6ah4i.android.widget.advrecyclerview.utils.AbstractSwipeableItemViewHolder int getAfterSwipeReaction()">
    <annotation name="android.support.annotation.IntDef">
      <val name="flag" val="true" />
      <val name="value" val="{com.h6ah4i.android.widget.advrecyclerview.swipeable.SwipeableItemConstants.AFTER_SWIPE_REACTION_MOVE_TO_ORIGIN, com.h6ah4i.android.widget.advrecyclerview.swipeable.SwipeableItemConstants.AFTER_SWIPE_REACTION_MOVE_TO_SWIPED_DIRECTION, com.h6ah4i.android.widget.advrecyclerview.swipeable.SwipeableItemConstants.AFTER_SWIPE_REACTION_REMOVE_ITEM, com.h6ah4i.android.widget.advrecyclerview.swipeable.SwipeableItemConstants.AFTER_SWIPE_REACTION_DO_NOTHING}" />
    </annotation>
  </item>
  <item name="com.h6ah4i.android.widget.advrecyclerview.utils.AbstractSwipeableItemViewHolder int getSwipeResult()">
    <annotation name="android.support.annotation.IntDef">
      <val name="flag" val="false" />
      <val name="value" val="{com.h6ah4i.android.widget.advrecyclerview.swipeable.SwipeableItemConstants.RESULT_NONE, com.h6ah4i.android.widget.advrecyclerview.swipeable.SwipeableItemConstants.RESULT_CANCELED, com.h6ah4i.android.widget.advrecyclerview.swipeable.SwipeableItemConstants.RESULT_SWIPED_LEFT, com.h6ah4i.android.widget.advrecyclerview.swipeable.SwipeableItemConstants.RESULT_SWIPED_UP, com.h6ah4i.android.widget.advrecyclerview.swipeable.SwipeableItemConstants.RESULT_SWIPED_RIGHT, com.h6ah4i.android.widget.advrecyclerview.swipeable.SwipeableItemConstants.RESULT_SWIPED_DOWN}" />
    </annotation>
  </item>
  <item name="com.h6ah4i.android.widget.advrecyclerview.utils.AbstractSwipeableItemViewHolder int getSwipeStateFlags()">
    <annotation name="android.support.annotation.IntDef">
      <val name="flag" val="true" />
      <val name="value" val="{com.h6ah4i.android.widget.advrecyclerview.swipeable.SwipeableItemConstants.STATE_FLAG_SWIPING, com.h6ah4i.android.widget.advrecyclerview.swipeable.SwipeableItemConstants.STATE_FLAG_IS_ACTIVE, com.h6ah4i.android.widget.advrecyclerview.swipeable.SwipeableItemConstants.STATE_FLAG_IS_UPDATED}" />
    </annotation>
  </item>
  <item name="com.h6ah4i.android.widget.advrecyclerview.utils.AbstractSwipeableItemViewHolder mAfterSwipeReaction">
    <annotation name="android.support.annotation.IntDef">
      <val name="flag" val="true" />
      <val name="value" val="{com.h6ah4i.android.widget.advrecyclerview.swipeable.SwipeableItemConstants.AFTER_SWIPE_REACTION_MOVE_TO_ORIGIN, com.h6ah4i.android.widget.advrecyclerview.swipeable.SwipeableItemConstants.AFTER_SWIPE_REACTION_MOVE_TO_SWIPED_DIRECTION, com.h6ah4i.android.widget.advrecyclerview.swipeable.SwipeableItemConstants.AFTER_SWIPE_REACTION_REMOVE_ITEM, com.h6ah4i.android.widget.advrecyclerview.swipeable.SwipeableItemConstants.AFTER_SWIPE_REACTION_DO_NOTHING}" />
    </annotation>
  </item>
  <item name="com.h6ah4i.android.widget.advrecyclerview.utils.AbstractSwipeableItemViewHolder mSwipeResult">
    <annotation name="android.support.annotation.IntDef">
      <val name="flag" val="false" />
      <val name="value" val="{com.h6ah4i.android.widget.advrecyclerview.swipeable.SwipeableItemConstants.RESULT_NONE, com.h6ah4i.android.widget.advrecyclerview.swipeable.SwipeableItemConstants.RESULT_CANCELED, com.h6ah4i.android.widget.advrecyclerview.swipeable.SwipeableItemConstants.RESULT_SWIPED_LEFT, com.h6ah4i.android.widget.advrecyclerview.swipeable.SwipeableItemConstants.RESULT_SWIPED_UP, com.h6ah4i.android.widget.advrecyclerview.swipeable.SwipeableItemConstants.RESULT_SWIPED_RIGHT, com.h6ah4i.android.widget.advrecyclerview.swipeable.SwipeableItemConstants.RESULT_SWIPED_DOWN}" />
    </annotation>
  </item>
  <item name="com.h6ah4i.android.widget.advrecyclerview.utils.AbstractSwipeableItemViewHolder mSwipeStateFlags">
    <annotation name="android.support.annotation.IntDef">
      <val name="flag" val="true" />
      <val name="value" val="{com.h6ah4i.android.widget.advrecyclerview.swipeable.SwipeableItemConstants.STATE_FLAG_SWIPING, com.h6ah4i.android.widget.advrecyclerview.swipeable.SwipeableItemConstants.STATE_FLAG_IS_ACTIVE, com.h6ah4i.android.widget.advrecyclerview.swipeable.SwipeableItemConstants.STATE_FLAG_IS_UPDATED}" />
    </annotation>
  </item>
  <item name="com.h6ah4i.android.widget.advrecyclerview.utils.AbstractSwipeableItemViewHolder void setAfterSwipeReaction(int) 0">
    <annotation name="android.support.annotation.IntDef">
      <val name="flag" val="true" />
      <val name="value" val="{com.h6ah4i.android.widget.advrecyclerview.swipeable.SwipeableItemConstants.AFTER_SWIPE_REACTION_MOVE_TO_ORIGIN, com.h6ah4i.android.widget.advrecyclerview.swipeable.SwipeableItemConstants.AFTER_SWIPE_REACTION_MOVE_TO_SWIPED_DIRECTION, com.h6ah4i.android.widget.advrecyclerview.swipeable.SwipeableItemConstants.AFTER_SWIPE_REACTION_REMOVE_ITEM, com.h6ah4i.android.widget.advrecyclerview.swipeable.SwipeableItemConstants.AFTER_SWIPE_REACTION_DO_NOTHING}" />
    </annotation>
  </item>
  <item name="com.h6ah4i.android.widget.advrecyclerview.utils.AbstractSwipeableItemViewHolder void setSwipeResult(int) 0">
    <annotation name="android.support.annotation.IntDef">
      <val name="flag" val="false" />
      <val name="value" val="{com.h6ah4i.android.widget.advrecyclerview.swipeable.SwipeableItemConstants.RESULT_NONE, com.h6ah4i.android.widget.advrecyclerview.swipeable.SwipeableItemConstants.RESULT_CANCELED, com.h6ah4i.android.widget.advrecyclerview.swipeable.SwipeableItemConstants.RESULT_SWIPED_LEFT, com.h6ah4i.android.widget.advrecyclerview.swipeable.SwipeableItemConstants.RESULT_SWIPED_UP, com.h6ah4i.android.widget.advrecyclerview.swipeable.SwipeableItemConstants.RESULT_SWIPED_RIGHT, com.h6ah4i.android.widget.advrecyclerview.swipeable.SwipeableItemConstants.RESULT_SWIPED_DOWN}" />
    </annotation>
  </item>
  <item name="com.h6ah4i.android.widget.advrecyclerview.utils.AbstractSwipeableItemViewHolder void setSwipeStateFlags(int) 0">
    <annotation name="android.support.annotation.IntDef">
      <val name="flag" val="true" />
      <val name="value" val="{com.h6ah4i.android.widget.advrecyclerview.swipeable.SwipeableItemConstants.STATE_FLAG_SWIPING, com.h6ah4i.android.widget.advrecyclerview.swipeable.SwipeableItemConstants.STATE_FLAG_IS_ACTIVE, com.h6ah4i.android.widget.advrecyclerview.swipeable.SwipeableItemConstants.STATE_FLAG_IS_UPDATED}" />
    </annotation>
  </item>
  <item name="com.h6ah4i.android.widget.advrecyclerview.utils.DebugWrapperAdapter int getSettingFlags()">
    <annotation name="android.support.annotation.IntDef">
      <val name="flag" val="true" />
      <val name="value" val="{com.h6ah4i.android.widget.advrecyclerview.utils.DebugWrapperAdapter.FLAG_VERIFY_WRAP_POSITION, com.h6ah4i.android.widget.advrecyclerview.utils.DebugWrapperAdapter.FLAG_VERIFY_UNWRAP_POSITION}" />
    </annotation>
  </item>
  <item name="com.h6ah4i.android.widget.advrecyclerview.utils.DebugWrapperAdapter void setSettingFlags(int) 0">
    <annotation name="android.support.annotation.IntDef">
      <val name="flag" val="true" />
      <val name="value" val="{com.h6ah4i.android.widget.advrecyclerview.utils.DebugWrapperAdapter.FLAG_VERIFY_WRAP_POSITION, com.h6ah4i.android.widget.advrecyclerview.utils.DebugWrapperAdapter.FLAG_VERIFY_UNWRAP_POSITION}" />
    </annotation>
  </item>
</root>

